comp1 10.1021/ja412563e, 1a/1b
comp2 10.1021/ja412563e, 2a/2b
comp3 10.1021/ja412563e, 3a/3b
comp4 10.1021/ja412563e, 4a/4b
comp5 10.1021/ja412563e, 4c
comp6 10.1021/ja412563e, 4d
comp7 10.1021/ja412563e, 4e
comp8 10.1021/ja412563e, 4f
comp9 10.1021/ja412563e, 4g
comp10 10.1021/ja412563e, 6a
comp11 10.1021/ja412563e, 6b
comp12 10.1021/ja412563e, 6d
comp13 10.1021/ja412563e, 5a
comp14 10.1021/ja412563e, 5b
comp15 10.1021/ja412563e, 5c
comp16 10.1021/ja412563e, 7a
comp17 10.1021/ja412563e, 7b
comp18 10.1021/ja412563e, 7c
comp19 10.1021/ja412563e, 7d
comp20 10.1021/ja412563e, 8a
comp21 10.1021/ja412563e, 8b
comp22 10.1021/ja412563e, 8c
comp23 10.1021/ja412563e, 8d
comp24 10.1021/ja412563e, 8e
comp25 10.1021/ja412563e, 8f
comp26 10.1021/ja412563e, 13
comp27 10.1002/ange.202001520, 22
comp28 10.1002/ange.202001520, 24
comp29 10.1002/ange.202001520, 26
comp30 10.1002/ange.202001520, 28
comp31 10.1002/ange.202001520, 31
comp32 10.1002/ange.202001520, 31
comp33 10.1002/ange.202001520,34
comp34 10.1002/ange.202001520, 36
comp35 10.1002/ange.202001520, 36
comp36 10.1002/ange.202001520, 49
comp37 10.1002/ange.202001520, 64
comp38 10.1002/ange.202001520, 64
comp39 10.1002/ange.202001520, 67a
comp40 10.1002/ange.202001520, 67b
comp41 10.1002/ange.202001520, 67c
comp42 10.1002/ange.202001520, 70a
comp43 10.1002/ange.202001520, 70b
comp44 10.1002/ange.202001520, 70c
comp45 10.1002/ange.202001520, 72
comp46 10.1002/ange.202001520, 74
comp47 10.1002/ange.202001520, 76
comp48 10.1002/ange.202001520, 76
comp49 10.1002/ange.202001520, 79a
comp50 10.1002/ange.202001520, 79a
comp51 10.1002/ange.202001520, 79b
comp52 10.1002/ange.202001520, 79b
comp53 10.1002/ange.202001520, 79c
comp54 10.1002/ange.202001520, 79c
comp55 10.1002/ange.202001520, 84
comp56 10.1002/ange.202001520, 86
comp57 10.1002/ange.202001520, 88a
comp58 10.1002/ange.202001520, 88a
comp59 10.1002/ange.202001520, 88b
comp60 10.1002/ange.202001520, 88b
comp61 10.1002/ange.202001520, 88c
comp62 10.1002/ange.202001520, 88c
comp63 10.1002/ange.202001520, 91a
comp64 10.1002/ange.202001520, 91a
comp65 10.1002/ange.202001520, 91b
comp66 10.1002/ange.202001520, 91b
comp67 10.1002/ange.202001520, 94
comp68 10.1002/ange.202001520, 98
comp69 10.1002/ange.202001520, 116
comp70 10.1002/ange.202001520, 116
comp71 10.1002/ange.202001520, 123a
comp72 10.1002/ange.202001520, 123a
comp73 10.1002/ange.202001520, 123b
comp74 10.1002/ange.202001520, 123b
comp75 10.1002/ange.202001520, 123c
comp76 10.1002/ange.202001520, 123c
comp77 10.1002/ange.202001520, 129
comp78 10.1002/ange.202001520, 133
comp79 10.1002/ange.202001520, 123c
comp80 10.1002/ange.202001520, 123c
comp81 10.1002/ange.202001520, 151
comp82 10.1002/ange.202001520, 151
comp83 10.1002/ange.202001520, 154
comp84 10.1002/ange.202001520, 154
comp85 10.1002/ange.202001520, 157
comp86 10.1002/ange.202001520, 159
comp87 10.1002/ange.202001520, 163a
comp88 10.1002/ange.202001520, 163b
comp89 10.1002/ange.202001520, 180
comp90 10.1002/ange.202001520, 180
comp91 10.1002/ange.202001520, 188
comp92 10.1002/ange.202001520, 188
comp93 10.1002/ange.202001520, 188
comp94 10.1002/ange.202001520, 194a
comp95 10.1002/ange.202001520, 194b
comp96 10.1002/ange.202001520, 194b
comp97 10.1002/ange.202001520, 197a
comp98 10.1002/ange.202001520, 197b
comp99 10.1002/ange.202001520, 197b
comp100 10.1002/ange.202001520, 200
comp101 10.1002/ange.202001520, 200
comp102 10.1002/ange.202001520, 28
comp103 10.1002/ange.202001520, 28
comp104 10.1002/ange.202001520, 76
comp105 10.1002/ange.202001520, 76
comp106 10.1002/ange.202001520, 79a
comp107 10.1002/ange.202001520, 79a
comp108 10.1002/ange.202001520, 79b
comp109 10.1002/ange.202001520, 79b
comp110 10.1002/ange.202001520, 79c
comp111 10.1002/ange.202001520, 79c
comp112 10.1002/ange.202001520, 88a
comp113 10.1002/ange.202001520, 88a
comp114 10.1002/ange.202001520, 88b
comp115 10.1002/ange.202001520, 88b
comp116 10.1002/ange.202001520, 88c
comp117 10.1002/ange.202001520, 88c
comp118 10.1002/ange.202001520, 91a
comp119 10.1002/ange.202001520, 91a
comp120 10.1002/ange.202001520, 91b
comp121 10.1002/ange.202001520, 91b
comp122 10.1002/ange.202001520, 100
comp123 10.1002/ange.202001520, 100
comp124 10.1002/ange.202001520, 100
comp125 10.1002/ange.202001520, 100
comp126 10.1002/ange.202001520, 103
comp127 10.1002/ange.202001520, 103
comp128 10.1002/ange.202001520, 103
comp129 10.1002/ange.202001520, 103
comp130 10.1002/ange.202001520, 113
comp131 10.1002/ange.202001520, 113
comp132 10.1002/ange.202001520, 116
comp133 10.1002/ange.202001520, 116
comp134 10.1002/ange.202001520, 123a
comp135 10.1002/ange.202001520, 123a
comp136 10.1002/ange.202001520, 123b
comp137 10.1002/ange.202001520, 123b
comp138 10.1002/ange.202001520, 123c
comp139 10.1002/ange.202001520, 123c
comp140 10.1002/ange.202001520, 145
comp141 10.1002/ange.202001520, 145
comp142 10.1002/ange.202001520, 151
comp143 10.1002/ange.202001520, 151
comp144 10.1002/ange.202001520, 154
comp145 10.1002/ange.202001520, 154
comp146 10.1002/ange.202001520, 188
comp147 10.1002/ange.202001520, 188
comp148 10.1002/ange.202001520, 188
comp149 10.1002/ange.202001520, 197a
comp150 10.1002/ange.202001520, 238
comp151 10.1002/ange.202001520, 238
comp152 10.1002/ange.202001520, 250a
comp153 10.1002/ange.202001520, 250a
comp154 10.1002/ange.202001520, 250b
comp155 10.1002/ange.202001520, 250b
comp156 10.1002/ange.202001520, 303
comp157 10.1002/ange.202001520, 303
comp158 10.1002/ange.202001520, 303
comp159 10.1002/ange.202001520, 317
comp160 10.1002/ange.202001520, 317
comp161 10.1002/ange.202001520, 330
comp162 10.1002/ange.202001520, 330
